Workbook

Sheet Summary by Asset
A1: Momentum & Allocation Summary by Asset (108 monthly rebalances, 2016-2024)
A3: Ticker | B3: Gate Pass Rate | C3: Selection Rate | D3: Avg Weight (Overall) | E3: Avg Weight (When Selected) | F3: Avg AbsMomBlend (When Gate Passed) | G3: Avg RelMom6M (When Gate Passed) | H3: Avg Vol20D (When Gate Passed)
A4: SPY | B4: =COUNTIFS('Raw Data'!$B$2:$B$649,A4,'Raw Data'!$F$2:$F$649,1)/COUNTIFS('Raw Data'!$B$2:$B$649,A4) -> 0.84259259 | C4: =COUNTIFS('Raw Data'!$B$2:$B$649,A4,'Raw Data'!$H$2:$H$649,1)/COUNTIFS('Raw Data'!$B$2:$B$649,A4) -> 0.47222222 | D4: =AVERAGEIFS('Raw Data'!$G$2:$G$649,'Raw Data'!$B$2:$B$649,A4) -> 0.27133497 | E4: =IFERROR(AVERAGEIFS('Raw Data'!$G$2:$G$649,'Raw Data'!$B$2:$B$649,A4,'Raw Data'!$H$2:$H$649,1),0) -> 0.57459171 | F4: =IFERROR(AVERAGEIFS('Raw Data'!$C$2:$C$649,'Raw Data'!$B$2:$B$649,A4,'Raw Data'!$F$2:$F$649,1),0) -> 0.11138369 | G4: =IFERROR(AVERAGEIFS('Raw Data'!$D$2:$D$649,'Raw Data'!$B$2:$B$649,A4,'Raw Data'!$F$2:$F$649,1),0) -> 0.099736088 | H4: =IFERROR(AVERAGEIFS('Raw Data'!$E$2:$E$649,'Raw Data'!$B$2:$B$649,A4,'Raw Data'!$F$2:$F$649,1),0) -> 0.0077309451
A5: QQQ | B5: =COUNTIFS('Raw Data'!$B$2:$B$649,A5,'Raw Data'!$F$2:$F$649,1)/COUNTIFS('Raw Data'!$B$2:$B$649,A5) -> 0.81481481 | C5: =COUNTIFS('Raw Data'!$B$2:$B$649,A5,'Raw Data'!$H$2:$H$649,1)/COUNTIFS('Raw Data'!$B$2:$B$649,A5) -> 0.62962963 | D5: =AVERAGEIFS('Raw Data'!$G$2:$G$649,'Raw Data'!$B$2:$B$649,A5) -> 0.28910834 | E5: =IFERROR(AVERAGEIFS('Raw Data'!$G$2:$G$649,'Raw Data'!$B$2:$B$649,A5,'Raw Data'!$H$2:$H$649,1),0) -> 0.45917207 | F5: =IFERROR(AVERAGEIFS('Raw Data'!$C$2:$C$649,'Raw Data'!$B$2:$B$649,A5,'Raw Data'!$F$2:$F$649,1),0) -> 0.16296226 | G5: =IFERROR(AVERAGEIFS('Raw Data'!$D$2:$D$649,'Raw Data'!$B$2:$B$649,A5,'Raw Data'!$F$2:$F$649,1),0) -> 0.14457059 | H5: =IFERROR(AVERAGEIFS('Raw Data'!$E$2:$E$649,'Raw Data'!$B$2:$B$649,A5,'Raw Data'!$F$2:$F$649,1),0) -> 0.010424648
A6: GLD | B6: =COUNTIFS('Raw Data'!$B$2:$B$649,A6,'Raw Data'!$F$2:$F$649,1)/COUNTIFS('Raw Data'!$B$2:$B$649,A6) -> 0.73148148 | C6: =COUNTIFS('Raw Data'!$B$2:$B$649,A6,'Raw Data'!$H$2:$H$649,1)/COUNTIFS('Raw Data'!$B$2:$B$649,A6) -> 0.31481481 | D6: =AVERAGEIFS('Raw Data'!$G$2:$G$649,'Raw Data'!$B$2:$B$649,A6) -> 0.17474631 | E6: =IFERROR(AVERAGEIFS('Raw Data'!$G$2:$G$649,'Raw Data'!$B$2:$B$649,A6,'Raw Data'!$H$2:$H$649,1),0) -> 0.55507653 | F6: =IFERROR(AVERAGEIFS('Raw Data'!$C$2:$C$649,'Raw Data'!$B$2:$B$649,A6,'Raw Data'!$F$2:$F$649,1),0) -> 0.087522924 | G6: =IFERROR(AVERAGEIFS('Raw Data'!$D$2:$D$649,'Raw Data'!$B$2:$B$649,A6,'Raw Data'!$F$2:$F$649,1),0) -> 0.084541051 | H6: =IFERROR(AVERAGEIFS('Raw Data'!$E$2:$E$649,'Raw Data'!$B$2:$B$649,A6,'Raw Data'!$F$2:$F$649,1),0) -> 0.0085282532
A7: EEM | B7: =COUNTIFS('Raw Data'!$B$2:$B$649,A7,'Raw Data'!$F$2:$F$649,1)/COUNTIFS('Raw Data'!$B$2:$B$649,A7) -> 0.62037037 | C7: =COUNTIFS('Raw Data'!$B$2:$B$649,A7,'Raw Data'!$H$2:$H$649,1)/COUNTIFS('Raw Data'!$B$2:$B$649,A7) -> 0.23148148 | D7: =AVERAGEIFS('Raw Data'!$G$2:$G$649,'Raw Data'!$B$2:$B$649,A7) -> 0.10488673 | E7: =IFERROR(AVERAGEIFS('Raw Data'!$G$2:$G$649,'Raw Data'!$B$2:$B$649,A7,'Raw Data'!$H$2:$H$649,1),0) -> 0.45311068 | F7: =IFERROR(AVERAGEIFS('Raw Data'!$C$2:$C$649,'Raw Data'!$B$2:$B$649,A7,'Raw Data'!$F$2:$F$649,1),0) -> 0.099985761 | G7: =IFERROR(AVERAGEIFS('Raw Data'!$D$2:$D$649,'Raw Data'!$B$2:$B$649,A7,'Raw Data'!$F$2:$F$649,1),0) -> 0.095918657 | H7: =IFERROR(AVERAGEIFS('Raw Data'!$E$2:$E$649,'Raw Data'!$B$2:$B$649,A7,'Raw Data'!$F$2:$F$649,1),0) -> 0.010113657
A8: TLT | B8: =COUNTIFS('Raw Data'!$B$2:$B$649,A8,'Raw Data'!$F$2:$F$649,1)/COUNTIFS('Raw Data'!$B$2:$B$649,A8) -> 0.5 | C8: =COUNTIFS('Raw Data'!$B$2:$B$649,A8,'Raw Data'!$H$2:$H$649,1)/COUNTIFS('Raw Data'!$B$2:$B$649,A8) -> 0.17592593 | D8: =AVERAGEIFS('Raw Data'!$G$2:$G$649,'Raw Data'!$B$2:$B$649,A8) -> 0.095108824 | E8: =IFERROR(AVERAGEIFS('Raw Data'!$G$2:$G$649,'Raw Data'!$B$2:$B$649,A8,'Raw Data'!$H$2:$H$649,1),0) -> 0.54061858 | F8: =IFERROR(AVERAGEIFS('Raw Data'!$C$2:$C$649,'Raw Data'!$B$2:$B$649,A8,'Raw Data'!$F$2:$F$649,1),0) -> 0.073974944 | G8: =IFERROR(AVERAGEIFS('Raw Data'!$D$2:$D$649,'Raw Data'!$B$2:$B$649,A8,'Raw Data'!$F$2:$F$649,1),0) -> 0.073831704 | H8: =IFERROR(AVERAGEIFS('Raw Data'!$E$2:$E$649,'Raw Data'!$B$2:$B$649,A8,'Raw Data'!$F$2:$F$649,1),0) -> 0.0081783704
A9: CASH | B9: =COUNTIFS('Raw Data'!$B$2:$B$649,A9,'Raw Data'!$F$2:$F$649,1)/COUNTIFS('Raw Data'!$B$2:$B$649,A9) -> 0 | C9: =COUNTIFS('Raw Data'!$B$2:$B$649,A9,'Raw Data'!$H$2:$H$649,1)/COUNTIFS('Raw Data'!$B$2:$B$649,A9) -> 0.064814815 | D9: =AVERAGEIFS('Raw Data'!$G$2:$G$649,'Raw Data'!$B$2:$B$649,A9) -> 0.064814815 | E9: =IFERROR(AVERAGEIFS('Raw Data'!$G$2:$G$649,'Raw Data'!$B$2:$B$649,A9,'Raw Data'!$H$2:$H$649,1),0) -> 1 | F9: =IFERROR(AVERAGEIFS('Raw Data'!$C$2:$C$649,'Raw Data'!$B$2:$B$649,A9,'Raw Data'!$F$2:$F$649,1),0) -> 0 | G9: =IFERROR(AVERAGEIFS('Raw Data'!$D$2:$D$649,'Raw Data'!$B$2:$B$649,A9,'Raw Data'!$F$2:$F$649,1),0) -> 0 | H9: =IFERROR(AVERAGEIFS('Raw Data'!$E$2:$E$649,'Raw Data'!$B$2:$B$649,A9,'Raw Data'!$F$2:$F$649,1),0) -> 0
A11: Note: CASH has no momentum signal (it is a synthetic risk-free position, not a traded ticker), so its Gate Pass Rate and momentum-signal averages are structurally 0%/blank. "Gate Pass Rate" = % of the 108 rebalance months where the blended 3M/6M/12M momentum signal was positive (i.e., eligible to be selected). "Selection Rate" = % of months the asset actually ended up with nonzero weight in the portfolio.

Sheet Raw Data
A1: Date | B1: Ticker | C1: AbsMomBlend_3_6_12M | D1: RelMom_6M | E1: Vol_20D | F1: PassedGate | G1: Weight | H1: Selected
A2: 42398 | B2: EEM | C2: -0.163802 | D2: -0.15451 | E2: 0.020002 | F2: 0 | G2: 0 | H2: =IF(G2>0,1,0) -> 0
A3: 42398 | B3: GLD | C3: -0.041077 | D3: 0.025703 | E3: 0.009086 | F3: 0 | G3: 0 | H3: =IF(G3>0,1,0) -> 0
A4: 42398 | B4: QQQ | C4: -0.039148 | D4: -0.065827 | E4: 0.018608 | F4: 0 | G4: 0 | H4: =IF(G4>0,1,0) -> 0
A5: 42398 | B5: SPY | C5: -0.05312 | D5: -0.070838 | E5: 0.014816 | F5: 0 | G5: 0 | H5: =IF(G5>0,1,0) -> 0
A6: 42398 | B6: TLT | C6: 0.018545 | D6: 0.060115 | E6: 0.007805 | F6: 1 | G6: 1 | H6: =IF(G6>0,1,0) -> 1
A7: 42398 | B7: CASH | F7: 0 | G7: 0 | H7: =IF(G7>0,1,0) -> 0
A8: 42429 | B8: EEM | C8: -0.150438 | D8: -0.100161 | E8: 0.016698 | F8: 0 | G8: 0 | H8: =IF(G8>0,1,0) -> 0
A9: 42429 | B9: GLD | C9: 0.093512 | D9: 0.101272 | E9: 0.015065 | F9: 1 | G9: 0.386528 | H9: =IF(G9>0,1,0) -> 1
A10: 42429 | B10: QQQ | C10: -0.056188 | D10: -0.024392 | E10: 0.014784 | F10: 0 | G10: 0 | H10: =IF(G10>0,1,0) -> 0
A11: 42429 | B11: SPY | C11: -0.049932 | D11: -0.017794 | E11: 0.011865 | F11: 0 | G11: 0 | H11: =IF(G11>0,1,0) -> 0
A12: 42429 | B12: TLT | C12: 0.070798 | D12: 0.087141 | E12: 0.009492 | F12: 1 | G12: 0.613472 | H12: =IF(G12>0,1,0) -> 1
A13: 42429 | B13: CASH | F13: 0 | G13: 0 | H13: =IF(G13>0,1,0) -> 0
A14: 42460 | B14: EEM | C14: 0.003068 | D14: 0.091769 | E14: 0.012104 | F14: 1 | G14: 0 | H14: =IF(G14>0,1,0) -> 0
A15: 42460 | B15: GLD | C15: 0.091851 | D15: 0.089461 | E15: 0.012126 | F15: 1 | G15: 0 | H15: =IF(G15>0,1,0) -> 0
A16: 42460 | B16: QQQ | C16: 0.035969 | D16: 0.104438 | E16: 0.006738 | F16: 1 | G16: 0.456942 | H16: =IF(G16>0,1,0) -> 1
A17: 42460 | B17: SPY | C17: 0.039183 | D17: 0.104665 | E17: 0.005669 | F17: 1 | G17: 0.543058 | H17: =IF(G17>0,1,0) -> 1
A18: 42460 | B18: TLT | C18: 0.060811 | D18: 0.066552 | E18: 0.006589 | F18: 1 | G18: 0 | H18: =IF(G18>0,1,0) -> 0
A19: 42460 | B19: CASH | F19: 0 | G19: 0 | H19: =IF(G19>0,1,0) -> 0
A20: 42489 | B20: EEM | C20: -0.020189 | D20: -0.006092 | E20: 0.012304 | F20: 0 | G20: 0 | H20: =IF(G20>0,1,0) -> 0
A21: 42489 | B21: GLD | C21: 0.12068 | D21: 0.116176 | E21: 0.010396 | F21: 1 | G21: 0.394367 | H21: =IF(G21>0,1,0) -> 1
A22: 42489 | B22: QQQ | C22: -0.018688 | D22: -0.067204 | E22: 0.008287 | F22: 0 | G22: 0 | H22: =IF(G22>0,1,0) -> 0
A23: 42489 | B23: SPY | C23: 0.026651 | D23: -0.001539 | E23: 0.006429 | F23: 1 | G23: 0 | H23: =IF(G23>0,1,0) -> 0
A24: 42489 | B24: TLT | C24: 0.044442 | D24: 0.057696 | E24: 0.00677 | F24: 1 | G24: 0.605633 | H24: =IF(G24>0,1,0) -> 1
A25: 42489 | B25: CASH | F25: 0 | G25: 0 | H25: =IF(G25>0,1,0) -> 0
A26: 42521 | B26: EEM | C26: -0.04229 | D26: -0.008953 | E26: 0.011752 | F26: 0 | G26: 0 | H26: =IF(G26>0,1,0) -> 0
A27: 42521 | B27: GLD | C27: 0.049941 | D27: 0.146272 | E27: 0.008208 | F27: 1 | G27: 0.435812 | H27: =IF(G27>0,1,0) -> 1
A28: 42521 | B28: QQQ | C28: 0.009086 | D28: -0.02891 | E28: 0.008515 | F28: 1 | G28: 0 | H28: =IF(G28>0,1,0) -> 0
A29: 42521 | B29: SPY | C29: 0.030051 | D29: 0.01249 | E29: 0.006918 | F29: 1 | G29: 0 | H29: =IF(G29>0,1,0) -> 0
A30: 42521 | B30: TLT | C30: 0.068696 | D30: 0.08905 | E30: 0.00634 | F30: 1 | G30: 0.564188 | H30: =IF(G30>0,1,0) -> 1
A31: 42521 | B31: CASH | F31: 0 | G31: 0 | H31: =IF(G31>0,1,0) -> 0
A32: 42551 | B32: EEM | C32: -0.008377 | D32: 0.072467 | E32: 0.020432 | F32: 0 | G32: 0 | H32: =IF(G32>0,1,0) -> 0
A33: 42551 | B33: GLD | C33: 0.152659 | D33: 0.246993 | E33: 0.014591 | F33: 1 | G33: 0.411847 | H33: =IF(G33>0,1,0) -> 1
A34: 42551 | B34: QQQ | C34: -0.020196 | D34: -0.045235 | E34: 0.013861 | F34: 0 | G34: 0 | H34: =IF(G34>0,1,0) -> 0
A35: 42551 | B35: SPY | C35: 0.025624 | D35: 0.027803 | E35: 0.012271 | F35: 1 | G35: 0 | H35: =IF(G35>0,1,0) -> 0
A36: 42551 | B36: TLT | C36: 0.154955 | D36: 0.168655 | E36: 0.010217 | F36: 1 | G36: 0.588153 | H36: =IF(G36>0,1,0) -> 1
A37: 42551 | B37: CASH | F37: 0 | G37: 0 | H37: =IF(G37>0,1,0) -> 0
A38: 42580 | B38: EEM | C38: 0.088115 | D38: 0.193801 | E38: 0.009914 | F38: 1 | G38: 0.49725 | H38: =IF(G38>0,1,0) -> 1
A39: 42580 | B39: GLD | C39: 0.162024 | D39: 0.205984 | E39: 0.009805 | F39: 1 | G39: 0.50275 | H39: =IF(G39>0,1,0) -> 1
A40: 42580 | B40: QQQ | C40: 0.081758 | D40: 0.112836 | E40: 0.005292 | F40: 1 | G40: 0 | H40: =IF(G40>0,1,0) -> 0
A41: 42580 | B41: SPY | C41: 0.080804 | D41: 0.132432 | E41: 0.004702 | F41: 1 | G41: 0 | H41: =IF(G41>0,1,0) -> 0
A42: 42580 | B42: TLT | C42: 0.139536 | D42: 0.125175 | E42: 0.008752 | F42: 1 | G42: 0 | H42: =IF(G42>0,1,0) -> 0
A43: 42580 | B43: CASH | F43: 0 | G43: 0 | H43: =IF(G43>0,1,0) -> 0
A44: 42613 | B44: EEM | C44: 0.132272 | D44: 0.144096 | E44: 0.007889 | F44: 1 | G44: 0.312177 | H44: =IF(G44>0,1,0) -> 1
A45: 42613 | B45: GLD | C45: 0.084993 | D45: 0.033546 | E45: 0.00614 | F45: 1 | G45: 0 | H45: =IF(G45>0,1,0) -> 0
A46: 42613 | B46: QQQ | C46: 0.109838 | D46: 0.108553 | E46: 0.00358 | F46: 1 | G46: 0.687823 | H46: =IF(G46>0,1,0) -> 1
A47: 42613 | B47: SPY | C47: 0.097852 | D47: 0.099397 | E47: 0.003329 | F47: 1 | G47: 0 | H47: =IF(G47>0,1,0) -> 0
A48: 42613 | B48: TLT | C48: 0.110579 | D48: 0.0913 | E48: 0.006913 | F48: 1 | G48: 0 | H48: =IF(G48>0,1,0) -> 0
A49: 42613 | B49: CASH | F49: 0 | G49: 0 | H49: =IF(G49>0,1,0) -> 0
A50: 42643 | B50: EEM | C50: 0.120413 | D50: 0.118679 | E50: 0.015841 | F50: 1 | G50: 0.384769 | H50: =IF(G50>0,1,0) -> 1
A51: 42643 | B51: GLD | C51: 0.079103 | D51: 0.081705 | E51: 0.006799 | F51: 1 | G51: 0 | H51: =IF(G51>0,1,0) -> 0
A52: 42643 | B52: QQQ | C52: 0.120372 | D52: 0.085451 | E52: 0.009907 | F52: 1 | G52: 0.615231 | H52: =IF(G52>0,1,0) -> 1
A53: 42643 | B53: SPY | C53: 0.081715 | D53: 0.059506 | E53: 0.009173 | F53: 1 | G53: 0 | H53: =IF(G53>0,1,0) -> 0
A54: 42643 | B54: TLT | C54: 0.059544 | D54: 0.061706 | E54: 0.007572 | F54: 1 | G54: 0 | H54: =IF(G54>0,1,0) -> 0
A55: 42643 | B55: CASH | F55: 0 | G55: 0 | H55: =IF(G55>0,1,0) -> 0
A56: 42674 | B56: EEM | C56: 0.082793 | D56: 0.123067 | E56: 0.009439 | F56: 1 | G56: 0.379625 | H56: =IF(G56>0,1,0) -> 1
A57: 42674 | B57: GLD | C57: 0.014469 | D57: -0.008295 | E57: 0.009038 | F57: 1 | G57: 0 | H57: =IF(G57>0,1,0) -> 0
A58: 42674 | B58: QQQ | C58: 0.058776 | D58: 0.112224 | E58: 0.005776 | F58: 1 | G58: 0.620375 | H58: =IF(G58>0,1,0) -> 1
A59: 42674 | B59: SPY | C59: 0.025628 | D59: 0.041592 | E59: 0.004337 | F59: 1 | G59: 0 | H59: =IF(G59>0,1,0) -> 0
A60: 42674 | B60: TLT | C60: 0.023442 | D60: 0.023568 | E60: 0.005826 | F60: 1 | G60: 0 | H60: =IF(G60>0,1,0) -> 0
A61: 42674 | B61: CASH | F61: 0 | G61: 0 | H61: =IF(G61>0,1,0) -> 0
A62: 42704 | B62: EEM | C62: 0.034971 | D62: 0.072189 | E62: 0.015909 | F62: 1 | G62: 0.376803 | H62: =IF(G62>0,1,0) -> 1
A63: 42704 | B63: GLD | C63: -0.015241 | D63: -0.033889 | E63: 0.009515 | F63: 0 | G63: 0 | H63: =IF(G63>0,1,0) -> 0
A64: 42704 | B64: QQQ | C64: 0.037165 | D64: 0.068079 | E64: 0.009619 | F64: 1 | G64: 0.623197 | H64: =IF(G64>0,1,0) -> 1
A65: 42704 | B65: SPY | C65: 0.047709 | D65: 0.05564 | E65: 0.006472 | F65: 1 | G65: 0 | H65: =IF(G65>0,1,0) -> 0
A66: 42704 | B66: TLT | C66: -0.070634 | D66: -0.076208 | E66: 0.011847 | F66: 0 | G66: 0 | H66: =IF(G66>0,1,0) -> 0
A67: 42704 | B67: CASH | F67: 0 | G67: 0 | H67: =IF(G67>0,1,0) -> 0
A68: 42734 | B68: EEM | C68: 0.024994 | D68: 0.020764 | E68: 0.01063 | F68: 1 | G68: 0 | H68: =IF(G68>0,1,0) -> 0
A69: 42734 | B69: GLD | C69: -0.064555 | D69: -0.146406 | E69: 0.007226 | F69: 0 | G69: 0 | H69: =IF(G69>0,1,0) -> 0
A70: 42734 | B70: QQQ | C70: 0.058044 | D70: 0.102222 | E70: 0.006018 | F70: 1 | G70: 0.456706 | H70: =IF(G70>0,1,0) -> 1
A71: 42734 | B71: SPY | C71: 0.078672 | D71: 0.076521 | E71: 0.005059 | F71: 1 | G71: 0.543294 | H71: =IF(G71>0,1,0) -> 1
A72: 42734 | B72: TLT | C72: -0.085665 | D72: -0.142305 | E72: 0.006642 | F72: 0 | G72: 0 | H72: =IF(G72>0,1,0) -> 0
A73: 42734 | B73: CASH | F73: 0 | G73: 0 | H73: =IF(G73>0,1,0) -> 0
A74: 42766 | B74: EEM | C74: 0.108246 | D74: 0.045018 | E74: 0.006481 | F74: 1 | G74: 0 | H74: =IF(G74>0,1,0) -> 0
A75: 42766 | B75: GLD | C75: -0.028658 | D75: -0.105789 | E75: 0.007456 | F75: 0 | G75: 0 | H75: =IF(G75>0,1,0) -> 0
A76: 42766 | B76: QQQ | C76: 0.118186 | D76: 0.081245 | E76: 0.004374 | F76: 1 | G76: 0.488312 | H76: =IF(G76>0,1,0) -> 1
A77: 42766 | B77: SPY | C77: 0.11245 | D77: 0.060326 | E77: 0.004175 | F77: 1 | G77: 0.511688 | H77: =IF(G77>0,1,0) -> 1
A78: 42766 | B78: TLT | C78: -0.078724 | D78: -0.131956 | E78: 0.007859 | F78: 0 | G78: 0 | H78: =IF(G78>0,1,0) -> 0
A79: 42766 | B79: CASH | F79: 0 | G79: 0 | H79: =IF(G79>0,1,0) -> 0
A80: 42794 | B80: EEM | C80: 0.137527 | D80: 0.045277 | E80: 0.006041 | F80: 1 | G80: 0 | H80: =IF(G80>0,1,0) -> 0
A81: 42794 | B81: GLD | C81: 0.003218 | D81: -0.054106 | E81: 0.005968 | F81: 1 | G81: 0 | H81: =IF(G81>0,1,0) -> 0
A82: 42794 | B82: QQQ | C82: 0.166588 | D82: 0.119466 | E82: 0.002981 | F82: 1 | G82: 0.488129 | H82: =IF(G82>0,1,0) -> 1
A83: 42794 | B83: SPY | C83: 0.140639 | D83: 0.100213 | E83: 0.002843 | F83: 1 | G83: 0.511871 | H83: =IF(G83>0,1,0) -> 1
A84: 42794 | B84: TLT | C84: -0.047562 | D84: -0.109215 | E84: 0.006507 | F84: 0 | G84: 0 | H84: =IF(G84>0,1,0) -> 0
A85: 42794 | B85: CASH | F85: 0 | G85: 0 | H85: =IF(G85>0,1,0) -> 0
A86: 42825 | B86: EEM | C86: 0.120439 | D86: 0.068393 | E86: 0.009055 | F86: 1 | G86: 0 | H86: =IF(G86>0,1,0) -> 0
A87: 42825 | B87: GLD | C87: 0.011147 | D87: -0.058301 | E87: 0.006455 | F87: 1 | G87: 0 | H87: =IF(G87>0,1,0) -> 0
A88: 42825 | B88: QQQ | C88: 0.14967 | D88: 0.129053 | E88: 0.004706 | F88: 1 | G88: 0.485005 | H88: =IF(G88>0,1,0) -> 1
A89: 42825 | B89: SPY | C89: 0.109176 | D89: 0.109377 | E89: 0.004432 | F89: 1 | G89: 0.514995 | H89: =IF(G89>0,1,0) -> 1
A90: 42825 | B90: TLT | C90: -0.051989 | D90: -0.119141 | E90: 0.006071 | F90: 0 | G90: 0 | H90: =IF(G90>0,1,0) -> 0
A91: 42825 | B91: CASH | F91: 0 | G91: 0 | H91: =IF(G91>0,1,0) -> 0
A92: 42853 | B92: EEM | C92: 0.111595 | D92: 0.08337 | E92: 0.006935 | F92: 1 | G92: 0 | H92: =IF(G92>0,1,0) -> 0
A93: 42853 | B93: GLD | C93: 0.019898 | D93: -0.000166 | E93: 0.005781 | F93: 1 | G93: 0 | H93: =IF(G93>0,1,0) -> 0
A94: 42853 | B94: QQQ | C94: 0.176818 | D94: 0.154551 | E94: 0.004696 | F94: 1 | G94: 0.498699 | H94: =IF(G94>0,1,0) -> 1
A95: 42853 | B95: SPY | C95: 0.11366 | D95: 0.125316 | E95: 0.004671 | F95: 1 | G95: 0.501301 | H95: =IF(G95>0,1,0) -> 1
A96: 42853 | B96: TLT | C96: -0.020737 | D96: -0.062499 | E96: 0.006201 | F96: 0 | G96: 0 | H96: =IF(G96>0,1,0) -> 0
A97: 42853 | B97: CASH | F97: 0 | G97: 0 | H97: =IF(G97>0,1,0) -> 0
A98: 42886 | B98: EEM | C98: 0.171154 | D98: 0.177482 | E98: 0.00951 | F98: 1 | G98: 0.425753 | H98: =IF(G98>0,1,0) -> 1
A99: 42886 | B99: GLD | C99: 0.037441 | D99: 0.05993 | E99: 0.007217 | F99: 1 | G99: 0 | H99: =IF(G99>0,1,0) -> 0
A100: 42886 | B100: QQQ | C100: 0.189607 | D100: 0.19803 | E100: 0.007051 | F100: 1 | G100: 0.574247 | H100: =IF(G100>0,1,0) -> 1
...

Sheet Momentum Signals (Wide)
A1: Date | B1: absmom_EEM | C1: absmom_GLD | D1: absmom_QQQ | E1: absmom_SPY | F1: absmom_TLT | G1: relmom_EEM | H1: relmom_GLD | I1: relmom_QQQ | J1: relmom_SPY | K1: relmom_TLT
A2: 42398 | B2: -0.163802 | C2: -0.041077 | D2: -0.039148 | E2: -0.05312 | F2: 0.018545 | G2: -0.15451 | H2: 0.025703 | I2: -0.065827 | J2: -0.070838 | K2: 0.060115
A3: 42429 | B3: -0.150438 | C3: 0.093512 | D3: -0.056188 | E3: -0.049932 | F3: 0.070798 | G3: -0.100161 | H3: 0.101272 | I3: -0.024392 | J3: -0.017794 | K3: 0.087141
A4: 42460 | B4: 0.003068 | C4: 0.091851 | D4: 0.035969 | E4: 0.039183 | F4: 0.060811 | G4: 0.091769 | H4: 0.089461 | I4: 0.104438 | J4: 0.104665 | K4: 0.066552
A5: 42489 | B5: -0.020189 | C5: 0.12068 | D5: -0.018688 | E5: 0.026651 | F5: 0.044442 | G5: -0.006092 | H5: 0.116176 | I5: -0.067204 | J5: -0.001539 | K5: 0.057696
A6: 42521 | B6: -0.04229 | C6: 0.049941 | D6: 0.009086 | E6: 0.030051 | F6: 0.068696 | G6: -0.008953 | H6: 0.146272 | I6: -0.02891 | J6: 0.01249 | K6: 0.08905
A7: 42551 | B7: -0.008377 | C7: 0.152659 | D7: -0.020196 | E7: 0.025624 | F7: 0.154955 | G7: 0.072467 | H7: 0.246993 | I7: -0.045235 | J7: 0.027803 | K7: 0.168655
A8: 42580 | B8: 0.088115 | C8: 0.162024 | D8: 0.081758 | E8: 0.080804 | F8: 0.139536 | G8: 0.193801 | H8: 0.205984 | I8: 0.112836 | J8: 0.132432 | K8: 0.125175
A9: 42613 | B9: 0.132272 | C9: 0.084993 | D9: 0.109838 | E9: 0.097852 | F9: 0.110579 | G9: 0.144096 | H9: 0.033546 | I9: 0.108553 | J9: 0.099397 | K9: 0.0913
A10: 42643 | B10: 0.120413 | C10: 0.079103 | D10: 0.120372 | E10: 0.081715 | F10: 0.059544 | G10: 0.118679 | H10: 0.081705 | I10: 0.085451 | J10: 0.059506 | K10: 0.061706
A11: 42674 | B11: 0.082793 | C11: 0.014469 | D11: 0.058776 | E11: 0.025628 | F11: 0.023442 | G11: 0.123067 | H11: -0.008295 | I11: 0.112224 | J11: 0.041592 | K11: 0.023568
A12: 42704 | B12: 0.034971 | C12: -0.015241 | D12: 0.037165 | E12: 0.047709 | F12: -0.070634 | G12: 0.072189 | H12: -0.033889 | I12: 0.068079 | J12: 0.05564 | K12: -0.076208
A13: 42734 | B13: 0.024994 | C13: -0.064555 | D13: 0.058044 | E13: 0.078672 | F13: -0.085665 | G13: 0.020764 | H13: -0.146406 | I13: 0.102222 | J13: 0.076521 | K13: -0.142305
... A109: 45656 | B109: -0.000722 | C109: 0.121001 | D109: 0.130776 | E109: 0.121343 | F109: -0.059859 | G109: -0.000506 | H109: 0.11625 | I109: 0.073139 | J109: 0.08558 | K109: -0.003225

Sheet Weights (Wide)
A1: Date | B1: CASH | C1: EEM | D1: GLD | E1: QQQ | F1: SPY | G1: TLT
A2: 42398 | B2: 0 | C2: 0 | D2: 0 | E2: 0 | F2: 0 | G2: 1
A3: 42429 | B3: 0 | C3: 0 | D3: 0.386528 | E3: 0 | F3: 0 | G3: 0.613472
A4: 42460 | B4: 0 | C4: 0 | D4: 0 | E4: 0.456942 | F4: 0.543058 | G4: 0
A5: 42489 | B5: 0 | C5: 0 | D5: 0.394367 | E5: 0 | F5: 0 | G5: 0.605633
A6: 42521 | B6: 0 | C6: 0 | D6: 0.435812 | E6: 0 | F6: 0 | G6: 0.564188
A7: 42551 | B7: 0 | C7: 0 | D7: 0.411847 | E7: 0 | F7: 0 | G7: 0.588153
A8: 42580 | B8: 0 | C8: 0.49725 | D8: 0.50275 | E8: 0 | F8: 0 | G8: 0
A9: 42613 | B9: 0 | C9: 0.312177 | D9: 0 | E9: 0.687823 | F9: 0 | G9: 0
A10: 42643 | B10: 0 | C10: 0.384769 | D10: 0 | E10: 0.615231 | F10: 0 | G10: 0
A11: 42674 | B11: 0 | C11: 0.379625 | D11: 0 | E11: 0.620375 | F11: 0 | G11: 0
A12: 42704 | B12: 0 | C12: 0.376803 | D12: 0 | E12: 0.623197 | F12: 0 | G12: 0
A13: 42734 | B13: 0 | C13: 0 | D13: 0 | E13: 0.456706 | F13: 0.543294 | G13: 0
... A109: 45656 | B109: 0 | C109: 0 | D109: 0.511421 | E109: 0 | F109: 0.488579 | G109: 0
